,Item_number,Description,"Total_650K
"
1,N97500-145-00250,Ground Wire for ESD,586
11,N07802-001-61500,"Assy, Sideguard End Cap, Sideguard H=600mm, Conveyor W=1500mm",18
12,N07802-001-61200,"Assy, Sideguard End Cap, Sideguard H=600mm, Conveyor W=1200mm",16
19,N02376-40001,"Turnbuckle eye & jaw 5/16""-18 x 9-1/2"", 4-1/2"" take up galvanized ASTM F1145",4863
23,N02004-00224,"Thimble 3/16"" Galvanized",6255
25,N02004-00223,"Wire rope clip 3/16"" Galvanized",10838
29,N01683-00004,"Bolt eye w/o shoulder w/ nut 5/16""-18 x 2.5"", 4.25"" shank, steel, galvanized",5687
32,0S2044-00022,"Brace BRP, BRH, R3, R4",138
38,0R6020-00167,Take up bolt M16,46
40,0R0130-05400,Weldment support,28
52,0R0100-02995,Leg R4-profile A=2990,1301
53,0R0100-01945,Leg R4-profile A=1940,838
54,0R0100-01045,Leg R4-profile A=1040,853
56,0P8749-09020,GUARDRAIL OUTERCURVE U-SHAPE (H=300),2
57,0P8749-09014,GUARDRAIL OUTERCURVE U-SHAPE (H=300),4
58,0P8749-09012,GUARDRAIL OUTERCURVE U-SHAPE (H=300),1
59,0P8749-09010,GUARDRAIL OUTERCURVE U-SHAPE (H=300),20
60,0P8749-04514,GUARDRAIL OUTERCURVE U-SHAPE (H=300),4
61,0P8749-04510,GUARDRAIL OUTERCURVE U-SHAPE (H=300),4
63,0P8748-00090,GUARDRAIL INNERCURVE (H=300),27
64,0P8748-00045,GUARDRAIL INNERCURVE (H=300),8
65,0P8748-00030,GUARDRAIL INNERCURVE (H=300),12
67,0P7785-41898,Underguarding,1072
68,0P7785-41648,Underguarding,40
69,0P7785-41598,Underguarding,60
70,0P7785-41548,Underguarding,52
72,0P7785-41448,Underguarding,99
73,0P7785-41298,Underguarding,112
74,0P7785-21898,Underguarding,202
75,0P7785-21648,Underguarding,14
76,0P7785-21598,Underguarding,12
77,0P7785-21548,Underguarding,4
79,0P7785-21498,Underguarding,1
80,0P7785-21448,Underguarding,73
81,0P7785-21298,Underguarding,34
82,0P7785-11898,Underguarding,177
83,0P7785-11648,Underguarding,17
84,0P7785-11598,Underguarding,3
85,0P7785-11548,Underguarding,2
86,0P7785-11448,Underguarding,22
87,0P7785-11298,Underguarding,30
88,0P5546-35130,Z-arm for guardrail,16
101,0P3322-00300,"Cou.high guardr.(100,197,300)(armc=P3086",2074
102,0P3321-00300,End Cap High Guardrail,1043
104,0P3321-00100,End Cap High Guardrail,2757
105,0P3076-00001,CONNECTION PLATE,375
126,0P0518-00001,Side Guarding Connecting Pin,484
127,0L9021-00001,Underguarding mounting unit,8104
133,0L7885-23515,Duplex Support With Damper,8
144,0L7885-17515,Duplex Support With Damper,6
150,0L7885-14512,Duplex Support With Damper,1
152,0L7885-13015,Duplex Support With Damper,5
156,0L7885-10015,Duplex Support With Damper,13
160,0L7848-00001,Single Low Support With Damper,26
163,0L7840-11510,Assy Support R4 With Damper,10
164,0L7840-08015,Assy Support R4 With Damper,1
165,0L7840-08012,Assy Support R4 With Damper,72
166,0L7840-08010,Assy Support R4 With Damper,11
167,0L7840-06012,Assy Support R4 With Damper,72
169,0L7840-05010,Assy Support R4 With Damper,36
170,0L7840-04210,Assy Support R4 With Damper,10
172,0L7819-01415,ADJUSTABLE UNDERGUARDING,23
173,0L7819-01115,ADJUSTABLE UNDERGUARDING,6
174,0L7819-00915,ADJUSTABLE UNDERGUARDING,5
180,0L6069-23001,Drive Train Powerfeeder,2
181,0L6069-23000,Drive Train Powerfeeder,12
184,0L6069-12001,Drive Train Powerfeeder,1
185,0L6069-12000,Drive Train Powerfeeder,2
186,0L6069-11011,Drive Train Powerfeeder,23
187,0L6069-11010,Drive Train Powerfeeder,15
188,0L6069-11001,Drive Train Powerfeeder,24
189,0L6069-11000,Drive Train Powerfeeder,29
200,0L4178-01150,ASSY HORIZONTALE HINGE FOR U-SIDE GUARDING H=100 MM.,76
201,0L4178-01135,ASSY HORIZONTALE HINGE FOR U-SIDE GUARDING H=100 MM.,6
202,0L4178-01090,ASSY HORIZONTALE HINGE FOR U-SIDE GUARDING H=100 MM.,174
203,0L4178-01045,ASSY HORIZONTALE HINGE FOR U-SIDE GUARDING H=100 MM.,6
204,0L4178-01030,ASSY HORIZONTALE HINGE FOR U-SIDE GUARDING H=100 MM.,64
205,0L4162-11500,Assy return roller ?60,132
206,0L4162-11200,Assy return roller ?60,48
207,0L4162-11000,Assy return roller ?60,17
208,0L4162-01500,Assy return roller ?60,189
209,0L4162-01200,Assy return roller ?60,47
210,0L4162-01000,Assy return roller ?60,29
213,0L3394-21520,DUPLEX SUPPORT R4 WITH DAMPER ASSY.,12
226,0L3394-15522,DUPLEX SUPPORT R4 WITH DAMPER ASSY.,46
227,0L3394-15520,DUPLEX SUPPORT R4 WITH DAMPER ASSY.,1
232,0L3394-12524,DUPLEX SUPPORT R4 WITH DAMPER ASSY.,5
233,0L3394-12522,DUPLEX SUPPORT R4 WITH DAMPER ASSY.,32
235,0L3394-12518,DUPLEX SUPPORT R4 WITH DAMPER ASSY.,35
240,0L3394-10520,DUPLEX SUPPORT R4 WITH DAMPER ASSY.,1
243,0L3394-10514,DUPLEX SUPPORT R4 WITH DAMPER ASSY.,1
244,0L3323-00300,ASSY GUARDRAIL HIGH U-SHAPE      STRAIGHT SECTION,3365
245,0L3323-00100,ASSY GUARDRAIL HIGH U-SHAPE      STRAIGHT SECTION,6032
251,0L1109-12998,Guardrail box profile,539
256,0L0519-00001,Assy side guarding connection bolt,484
257,0L0516-33000,"ASSY SIDE GUARDING BF WITHOUT PHOTOCELL H=300, H=400 BAGGAGE",36
261,0L0516-32000,"ASSY SIDE GUARDING BF WITHOUT PHOTOCELL H=300, H=400 BAGGAGE",6
262,0L0516-31800,"ASSY SIDE GUARDING BF WITHOUT PHOTOCELL H=300, H=400 BAGGAGE",3
265,0L0516-31500,"ASSY SIDE GUARDING BF WITHOUT PHOTOCELL H=300, H=400 BAGGAGE",14
270,0L0516-30900,"ASSY SIDE GUARDING BF WITHOUT PHOTOCELL H=300, H=400 BAGGAGE",20
271,0L0516-30850,"ASSY SIDE GUARDING BF WITHOUT PHOTOCELL H=300, H=400 BAGGAGE",4
272,0L0516-30800,"ASSY SIDE GUARDING BF WITHOUT PHOTOCELL H=300, H=400 BAGGAGE",2
273,0L0516-30750,"ASSY SIDE GUARDING BF WITHOUT PHOTOCELL H=300, H=400 BAGGAGE",12
274,0L0516-30700,"ASSY SIDE GUARDING BF WITHOUT PHOTOCELL H=300, H=400 BAGGAGE",4
275,0L0516-30650,"ASSY SIDE GUARDING BF WITHOUT PHOTOCELL H=300, H=400 BAGGAGE",4
279,0L0516-30400,"ASSY SIDE GUARDING BF WITHOUT PHOTOCELL H=300, H=400 BAGGAGE",2
280,0L0210-20295,ASSY MOUNTING BRACKET,16
284,0L0124-00001,ASSY VERTICAL HINGE CONN FOR U-GUARDING H=100 MM.,624
286,0L0109-01550,SUPPORT BRACES MULTIPLEX,26
287,0L0109-01250,SUPPORT BRACES MULTIPLEX,8
288,0L0109-01050,SUPPORT BRACES MULTIPLEX,3
290,098500-649-01500,ASSY TRUSSING,3
291,096000-034-01422,Bottom Plate Drive Aluminium  L=1422,13
292,096000-034-01122,Bottom Plate Drive Aluminium  L=1122,1
293,096000-034-00922,Bottom Plate Drive Aluminium  L=922,6
294,094291-103-00290,SIDE GUARDING RIGHT,8
295,094291-103-00200,SIDE GUARDING RIGHT,56
296,094291-102-00290,SIDE GUARDING LEFT,9
297,094291-102-00200,SIDE GUARDING LEFT,57
298,084905-131-01150,ASSY HORIZONTALE HINGE FOR U-SIDE GUARDING H=300 MM.,24
299,084905-131-01135,ASSY HORIZONTALE HINGE FOR U-SIDE GUARDING H=300 MM.,4
301,084905-131-01045,ASSY HORIZONTALE HINGE FOR U-SIDE GUARDING H=300 MM.,4
302,084905-131-01030,ASSY HORIZONTALE HINGE FOR U-SIDE GUARDING H=300 MM.,36
303,075992-001-00758,Slave Roller Poly-V Belt With PVC Covering,56
304,075992-001-00658,Slave Roller Poly-V Belt With PVC Covering,2348
305,075992-001-00558,Slave Roller Poly-V Belt With PVC Covering,317
306,075992-001-00458,Slave Roller Poly-V Belt With PVC Covering,8585
307,075875-006-00820,Assy fixed endstop,1
308,075875-006-00620,Assy fixed endstop,104
309,075875-006-00520,Assy fixed endstop,45
315,075641-150-01577,GUARDRAIL WITH WHEELS HEIGHT 300,9
319,059007-788-01500,ASSY BI-DIRECTIONAL TRACKING ROLLER FOR BELTS WITH NO GRIP,3
320,059007-788-01000,ASSY BI-DIRECTIONAL TRACKING ROLLER FOR BELTS WITH NO GRIP,12
321,059005-123-31193,?71 Driven roller,24
322,053924-052-11020,Assy ?75 drive with transparent cover,1
323,053924-052-10720,Assy ?75 drive with transparent cover,6
324,053924-052-10620,Assy ?75 drive with transparent cover,52
325,053924-052-10520,Assy ?75 drive with transparent cover,22
326,053924-052-01020,Assy ?75 drive with transparent cover,3
328,053924-052-00720,Assy ?75 drive with transparent cover,7
329,053924-052-00620,Assy ?75 drive with transparent cover,50
330,053924-052-00520,Assy ?75 drive with transparent cover,18
331,053924-051-11020,Assy ?200 drive with transparent cover,4
332,053924-051-10820,Assy ?200 drive with transparent cover,15
333,053924-051-10720,Assy ?200 drive with transparent cover,4
334,053924-051-10620,Assy ?200 drive with transparent cover,51
335,053924-051-10520,Assy ?200 drive with transparent cover,140
337,053924-051-00920,Assy ?200 drive with transparent cover,2
338,053924-051-00820,Assy ?200 drive with transparent cover,13
339,053924-051-00720,Assy ?200 drive with transparent cover,2
340,053924-051-00620,Assy ?200 drive with transparent cover,31
341,053924-051-00520,Assy ?200 drive with transparent cover,111
346,053708-032-40720,Assy connection BJ to DOTM BF/BM,6
348,053708-032-20720,Assy connection BJ to DOTM BF/BM,12
350,024853-028-51105,Assy LRD with amnesty trap left hand,2
351,024853-028-51060,Assy LRD with amnesty trap left hand,9
352,024853-012-51060,Assy LRD with amnesty trap right hand,10
354,018318-002-00001,"Assy skewed roller total 60mm pitch, align to left",4
355,018318-001-00001,"Assy skewed roller total 60mm pitch, align to right",4
357,017370-001-10102,Drive train BJ 460V 60Hz SEW,9
360,017050-048-00001,Assy AFE rebin workstation module,56
361,016788-003-00720,Net support  vertical single,24
362,016788-003-00620,Net support  vertical single,6
363,016788-003-00520,Net support  vertical single,119
364,016788-002-01020,Net support vertical double ,7
365,016788-002-00720,Net support vertical double ,58
366,016788-002-00620,Net support vertical double ,75
367,016788-002-00520,Net support vertical double ,112
374,015593-134-00001,Clip for bearing safety cap ?60 st.st.,15
375,015593-133-00001,Clip for bearing safety cap ?30 st.st.,133
377,015593-117-00001,Assy sideguarding change over adjustable BF5.2 - US Transnorm BC,4
378,015593-104-00001,Clip for bearing safety cap ?50 st.st.,474
379,015593-103-00001,Clip for bearing safety cap ?35 st.st.,74
381,009201-379-00001,Assy finger protection long,14
382,009249-380-00001,Finger protection TBS,696
384,015593-070-02400,Heavy Ceiling Hanger With Damper,14
386,015593-070-02100,Heavy Ceiling Hanger With Damper,7
387,015593-070-02000,Heavy Ceiling Hanger With Damper,20
388,015593-070-01800,Heavy Ceiling Hanger With Damper,614
390,015593-070-01500,Heavy Ceiling Hanger With Damper,10
391,015593-070-01400,Heavy Ceiling Hanger With Damper,101
392,015593-070-01200,Heavy Ceiling Hanger With Damper,15
394,015593-045-21200,Assy adjustable connection Transnorm BC - BF5.2,1
396,015593-037-11200,Assy adjustable connection BF5.2 -Transnorm BC,1
397,015593-030-10600,Assy changeover 90�,4
398,015593-030-00600,Assy changeover 90�,28
399,015593-022-01427,Assy Cover plate ETU,25
400,015593-022-01127,Assy Cover plate ETU,34
401,015593-022-00927,Assy Cover plate ETU,10
402,015392-070-01500,Assy connection and guarding,52
403,015392-070-01200,Assy connection and guarding,32
404,014513-075-32082,Assy Sort Unit (Drive roller: Interroll EC5000),2
405,014513-075-32052,Assy Sort Unit (Drive roller: Interroll EC5000),10
406,014513-075-23082,Assy Sort Unit (Drive roller: Interroll EC5000),1
407,014513-075-23052,Assy Sort Unit (Drive roller: Interroll EC5000),6
409,014513-072-00001,Filling Plate Tilt Unit (3mm),168
410,014513-071-00001,Assy Motor Communication Drive control 2048,19
411,014513-066-00001,Lifting Tool - STX.M,28
412,014513-061-00076,Deck ETU BF (Epoxy Coated / Blank) for STX.M,3
413,014513-061-00046,Deck ETU BF (Epoxy Coated / Blank) for STX.M,16
419,014513-029-00001,Filling Plate Tilt Unit (1mm),384
420,014513-021-00082,Assy Belt Routing Frame,3
421,014513-021-00052,Assy Belt Routing Frame,16
422,014510-053-00001,Assy Connection for MBJ and assy short belt,5
424,014496-792-15002,Assy ?230 Centre Drive L=1500mm,8
425,014496-792-15001,Assy ?230 Centre Drive L=1500mm,7
429,014496-792-12001,Assy ?230 Centre Drive L=1500mm,1
431,014496-792-10002,Assy ?230 Centre Drive L=1500mm,7
438,014496-792-10001,Assy ?230 Centre Drive L=1500mm,3
439,014496-791-15002,Assy ?150 Centre Drive L=1500mm,28
440,014496-791-15001,Assy ?150 Centre Drive L=1500mm,50
441,014496-791-12002,Assy ?150 Centre Drive L=1500mm,15
442,014496-791-12001,Assy ?150 Centre Drive L=1500mm,9
443,014496-791-10002,Assy ?150 Centre Drive L=1500mm,2
447,014496-791-10001,Assy ?150 Centre Drive L=1500mm,2
451,014496-790-12002,Assy ?100 Centre Drive L=900mm,24
452,014496-790-12001,Assy ?100 Centre Drive L=900mm,24
453,014496-790-10002,Assy ?100 Centre Drive L=900mm,22
454,014496-728-01500,"Assy ETU BF (W=1500mm), roller L=1258mm",186
455,014496-728-01200,"Assy ETU BF (W=1200mm), roller L=958mm",146
456,014496-711-01122,Under Guarding ?100 Centre Drive,48
457,014496-711-00922,Under Guarding ?100 Centre Drive,22
458,014496-698-00001,Assy Torsion arm ?230 Drive KA77,26
459,014496-695-00001,Assy Torsion arm ?150 Drive KA49,104
460,014496-693-00001,Assy Torsion arm ?100 Drive KA39 / KT39,70
461,014496-664-00600,Assy Change Over for Nose Over,78
462,014496-664-00300,Assy Change Over for Nose Over,2
463,014496-664-00100,Assy Change Over for Nose Over,4
466,014496-612-01500,Assy Nose Over,67
468,014496-612-01200,Assy Nose Over,8
469,014496-612-01000,Assy Nose Over,9
471,014496-557-01112,Assy Underguard ?100 Centre Drive,48
472,014496-557-00912,Assy Underguard ?100 Centre Drive,22
474,014496-543-15005,"Assy sliderbed, width = 1500 mm  US",93
475,014496-543-14505,"Assy sliderbed, width = 1500 mm  US",3
476,014496-543-14005,"Assy sliderbed, width = 1500 mm  US",15
477,014496-543-13505,"Assy sliderbed, width = 1500 mm  US",5
478,014496-543-13005,"Assy sliderbed, width = 1500 mm  US",4
479,014496-543-12505,"Assy sliderbed, width = 1500 mm  US",4
480,014496-543-12005,"Assy sliderbed, width = 1500 mm  US",5
481,014496-543-11505,"Assy sliderbed, width = 1500 mm  US",3
482,014496-543-11005,"Assy sliderbed, width = 1500 mm  US",1
484,014496-543-10005,"Assy sliderbed, width = 1500 mm  US",5
485,014496-543-09505,"Assy sliderbed, width = 1500 mm  US",6
486,014496-543-09005,"Assy sliderbed, width = 1500 mm  US",8
487,014496-543-08505,"Assy sliderbed, width = 1500 mm  US",6
488,014496-543-08005,"Assy sliderbed, width = 1500 mm  US",17
489,014496-543-07505,"Assy sliderbed, width = 1500 mm  US",4
490,014496-543-07005,"Assy sliderbed, width = 1500 mm  US",2
491,014496-543-06505,"Assy sliderbed, width = 1500 mm  US",15
492,014496-543-06005,"Assy sliderbed, width = 1500 mm  US",4
493,014496-543-05505,"Assy sliderbed, width = 1500 mm  US",1
494,014496-543-05005,"Assy sliderbed, width = 1500 mm  US",4
495,014496-543-04505,"Assy sliderbed, width = 1500 mm  US",24
496,014496-445-00008,Assy drip pan,66
497,014496-445-00007,Assy drip pan,109
498,014496-445-00006,Assy drip pan,70
506,014496-300-01000,Assy ETU ?75,68
509,014496-284-15225,Assy underguard,158
510,014496-284-15152,Assy underguard,21
511,014496-284-12498,Assy underguard,6
515,014496-284-12225,Assy underguard,42
517,014496-284-10225,Assy underguard,8
518,014496-284-10152,Assy underguard,14
521,014496-266-00300,Assy guardplate BF-BF,3
522,014496-243-00600,Assy change over ETU,16
523,014496-243-00300,ASSY GUARD RAIL ETU END CAP,14
524,014496-243-00100,ASSY GUARD RAIL ETU END CAP,4
525,014496-212-00001,Assy side guarding 0-300mm transition left,17
527,014496-208-00001,Assy side guarding 100-300mm transition left,6
528,014496-206-00001,Assy side guarding 0-300mm transition right,18
529,014496-201-00001,Side guarding 100-300mm transition right,6
530,014496-194-30000,"Assy sliderbed, Width= 1000 - 1200 mm  US",25
531,014496-194-25502,"Assy sliderbed, Width= 1000 - 1200 mm  US",1
532,014496-194-24500,"Assy sliderbed, Width= 1000 - 1200 mm  US",10
533,014496-194-23500,"Assy sliderbed, Width= 1000 - 1200 mm  US",1
534,014496-194-23000,"Assy sliderbed, Width= 1000 - 1200 mm  US",4
535,014496-194-21502,"Assy sliderbed, Width= 1000 - 1200 mm  US",1
537,014496-194-20502,"Assy sliderbed, Width= 1000 - 1200 mm  US",1
538,014496-194-19002,"Assy sliderbed, Width= 1000 - 1200 mm  US",1
540,014496-194-18000,"Assy sliderbed, Width= 1000 - 1200 mm  US",2
541,014496-194-16502,"Assy sliderbed, Width= 1000 - 1200 mm  US",24
542,014496-194-16002,"Assy sliderbed, Width= 1000 - 1200 mm  US",2
543,014496-194-15002,"Assy sliderbed, Width= 1000 - 1200 mm  US",8
544,014496-194-15000,"Assy sliderbed, Width= 1000 - 1200 mm  US",3
545,014496-194-14002,"Assy sliderbed, Width= 1000 - 1200 mm  US",1
547,014496-194-12502,"Assy sliderbed, Width= 1000 - 1200 mm  US",1
548,014496-194-12002,"Assy sliderbed, Width= 1000 - 1200 mm  US",1
550,014496-194-10002,"Assy sliderbed, Width= 1000 - 1200 mm  US",1
551,014496-194-09002,"Assy sliderbed, Width= 1000 - 1200 mm  US",1
553,014496-194-08002,"Assy sliderbed, Width= 1000 - 1200 mm  US",1
556,014496-194-07002,"Assy sliderbed, Width= 1000 - 1200 mm  US",2
557,014496-194-06502,"Assy sliderbed, Width= 1000 - 1200 mm  US",1
558,014496-194-05502,"Assy sliderbed, Width= 1000 - 1200 mm  US",2
559,014496-194-05002,"Assy sliderbed, Width= 1000 - 1200 mm  US",2
560,014496-194-04502,"Assy sliderbed, Width= 1000 - 1200 mm  US",4
561,014496-064-30001,assy sliderbed heavy,80
562,014496-059-30002,assy sliderbed heavy,64
563,014496-059-30001,assy sliderbed heavy,25
569,014496-059-21502,assy sliderbed heavy,1
571,014496-059-20002,assy sliderbed heavy,2
572,014496-059-18001,assy sliderbed heavy,1
573,014496-059-17502,assy sliderbed heavy,1
577,014496-059-15004,assy sliderbed heavy,18
578,014496-059-15002,assy sliderbed heavy,3
579,014496-059-15001,assy sliderbed heavy,4
580,014496-059-14504,assy sliderbed heavy,1
583,014496-059-14002,assy sliderbed heavy,1
585,014496-059-13504,assy sliderbed heavy,3
586,014496-059-13502,assy sliderbed heavy,18
588,014496-059-13002,assy sliderbed heavy,1
589,014496-059-12504,assy sliderbed heavy,2
590,014496-059-12502,assy sliderbed heavy,1
591,014496-059-12501,assy sliderbed heavy,2
592,014496-059-12004,assy sliderbed heavy,2
595,014496-059-11004,assy sliderbed heavy,2
596,014496-059-10504,assy sliderbed heavy,1
598,014496-059-10501,assy sliderbed heavy,13
599,014496-059-10004,assy sliderbed heavy,3
600,014496-059-10001,assy sliderbed heavy,1
601,014496-059-09504,assy sliderbed heavy,2
603,014496-059-09004,assy sliderbed heavy,5
607,014496-059-08004,assy sliderbed heavy,1
609,014496-059-08001,assy sliderbed heavy,2
610,014496-059-07504,assy sliderbed heavy,3
611,014496-059-07502,assy sliderbed heavy,1
612,014496-059-07501,assy sliderbed heavy,3
614,014496-059-07002,assy sliderbed heavy,2
615,014496-059-07001,assy sliderbed heavy,2
618,014496-059-05504,assy sliderbed heavy,1
619,014496-059-05004,assy sliderbed heavy,1
621,014496-059-04504,assy sliderbed heavy,3
622,014496-059-04502,assy sliderbed heavy,7
687,013870-054-00001,Netting support,61
838,013162-139-00001,Distance bush,104
840,013162-087-00100,"Side guard (turn point channel-channel) L=514,1",27
842,013162-030-10300,Sub assy Side guard support  L=423,7625
843,013162-030-10100,Sub assy Side guard support  L=223,2495
846,013162-021-00001,Connection turn able,104
847,013107-256-00450,"Assy sideguarding H=100 (without PEC-holes) L=447,5",2
850,013107-256-01000,"Assy sideguarding H=100 (without PEC-holes) L=997,5",2
853,013107-256-01250,"Assy sideguarding H=100 (without PEC-holes) L=1247,5",4
854,013107-256-01350,"Assy sideguarding H=100 (without PEC-holes) L=1347,5",2
856,013107-256-01500,"Assy sideguarding H=100 (without PEC-holes) L=1497,5",16
858,013107-256-01800,"Assy sideguarding H=100 (without PEC-holes) L=1797,5",3
860,013107-256-01950,"Assy sideguarding H=100 (without PEC-holes) L=1947,5",2
861,013107-256-02000,"Assy sideguarding H=100 (without PEC-holes) L=1997,5",2
862,013107-256-02300,"Assy sideguarding H=100 (without PEC-holes) L=2297,5",2
864,013107-256-02600,"Assy sideguarding H=100 (without PEC-holes) L=2597,5",2
866,013107-256-00750,"Assy sideguarding H=100 (without PEC-holes) L=747,5",6
867,013107-256-03000,"Assy sideguarding H=100 (without PEC-holes) L=2997,5",64
876,013064-998-01020,Assy Cover,28
877,013064-998-00820,Assy Cover,58
878,013064-998-00720,Assy Cover,330
879,013064-998-00620,Assy Cover,1410
880,013064-998-00520,Assy Cover,1398
882,013064-973-10560,Straight Drive Roller PM500FE-90,1
883,013064-973-10460,Straight Drive Roller PM500FE-90,75
885,013064-973-00760,Straight Drive Roller PM500FE-90,6
886,013064-973-00660,Straight Drive Roller PM500FE-90,6
891,013064-936-00001,Assy 5/2 Valve for ARP,1070
893,013064-917-10760,Straight Drive Roller PM500FE-60,7
894,013064-917-10660,Straight Drive Roller PM500FE-60,382
895,013064-917-10560,Straight Drive Roller PM500FE-60,42
896,013064-917-10460,Straight Drive Roller PM500FE-60,864
898,013064-917-00760,Straight Drive Roller PM500FE-60,32
899,013064-917-00660,Straight Drive Roller PM500FE-60,62
900,013064-917-00560,Straight Drive Roller PM500FE-60,1036
903,013064-917-00460,Straight Drive Roller PM500FE-60,1293
910,013064-798-00460,Crossmember small,14
911,013064-782-00001,Assy Cabling CBM-50E (1 Dir M12),4319
912,013064-781-00001,Assy Cabling CBM-50E (2 Dir M12),197
913,013064-749-00795,assy fingerprotection MB channel,448
917,013064-687-00958,"?50 Slave roller with spring,St/hex Axle EL=958 L=980mm",142
918,013064-687-00858,"?50 Slave roller with spring,St/hex Axle EL=858 L=880mm",570
919,013064-687-00758,"?50 Slave roller with spring,St/hex Axle EL=758 L=780mm",1084
920,013064-687-00658,"?50 Slave roller with spring,St/hex Axle EL=658 L=680mm",189
921,013064-687-00558,"?50 Slave roller with spring,St/hex Axle EL=558 L=580mm",3947
922,013064-687-00458,"?50 Slave roller with spring,St/hex Axle EL=458 L=480mm",9310
923,013064-682-11002,Assy guardrail RM,1
924,013064-682-01002,Assy guardrail RM,1
929,013064-613-11062,Assy height detection support front conveyor mounted,8
930,013064-560-10720,Assy shallow drive ?75,1
932,013064-560-10520,Assy shallow drive ?75,14
933,013064-560-01020,Assy shallow drive ?75,1
935,013064-560-00620,Assy shallow drive ?75,1
937,013064-558-00001,end cover channel,3375
938,013064-552-00001,Support Bracket,24
939,013064-539-00001,support TBS,18
940,013064-506-00001,Assy Connection LRJ,48
942,013064-473-00001,Return belt support,494
943,013064-407-10001,Assy Drive LR/ARP with transparent cover,10
944,013064-407-00001,Assy Drive LR/ARP with transparent cover,34
945,013064-397-00096,Deck ETU BF W=960 L=174,24
946,013064-397-00086,Deck ETU BF W=860 L=174,89
947,013064-397-00076,"Deck ETU BF W=760 L=174,02",121
948,013064-397-00066,Deck ETU BF W=660 L=174,64
949,013064-397-00056,Deck ETU BF W=560 L=174,590
950,013064-397-00046,"Deck ETU BF W=460 L=174,1",740
951,013064-396-75096,Weldment Standard Deck BF (epoxy coated / blank) W=960 L=748,127
952,013064-396-75086,Weldment Standard Deck BF (epoxy coated / blank) W=860 L=748,214
953,013064-396-75076,Weldment Standard Deck BF (epoxy coated / blank) W=760 L=748,462
954,013064-396-75066,Weldment Standard Deck BF (epoxy coated / blank) W=660 L=748,423
955,013064-396-75056,Weldment Standard Deck BF (epoxy coated / blank) W=560 L=748,2074
956,013064-395-75146,"Deck Standard  BF (epoxy coated / blank) W=460 L=748,1",3607
957,013064-395-52196,Deck Standard  BF (epoxy coated / blank) W=960 L=523,5
958,013064-395-52186,Deck Standard  BF (epoxy coated / blank) W=860 L=523,1
959,013064-395-52176,"Deck Standard  BF (epoxy coated / blank) W=760 L=523,04",18
960,013064-395-52166,"Deck Standard  BF (epoxy coated / blank) W=660 L=523,1",16
961,013064-395-52156,"Deck Standard  BF (epoxy coated / blank) W=560 L=523,1",111
962,013064-395-52146,"Deck Standard  BF (epoxy coated / blank) W=460 L=523,1",139
964,013064-395-37186,Deck Standard  BF (epoxy coated / blank) W=860 L=373,1
965,013064-395-37176,Deck Standard  BF (epoxy coated / blank) W=760 L=373,12
966,013064-395-37166,"Deck Standard  BF (epoxy coated / blank) W=660 L=373,1",13
967,013064-395-37156,"Deck Standard  BF (epoxy coated / blank) W=560 L=373,1",32
968,013064-395-37146,"Deck Standard  BF (epoxy coated / blank) W=460 L=373,1",91
970,013064-395-30186,Deck Standard  BF (epoxy coated / blank) W=860 L=298,5
971,013064-395-30176,"Deck Standard  BF (epoxy coated / blank) W=760 L=298,04",19
972,013064-395-30166,"Deck Standard  BF (epoxy coated / blank) W=660 L=298,1",30
973,013064-395-30156,"Deck Standard  BF (epoxy coated / blank) W=560 L=298,1",188
974,013064-395-30146,"Deck Standard  BF (epoxy coated / blank) W=460 L=298,1",172
975,013064-395-22196,"Deck Standard  BF (epoxy coated / blank) W=960 L=223,03",11
976,013064-395-22186,Deck Standard  BF (epoxy coated / blank) W=860 L=223,79
977,013064-395-22176,Deck Standard  BF (epoxy coated / blank) W=760 L=223,67
978,013064-395-22166,"Deck Standard  BF (epoxy coated / blank) W=660 L=223,1",49
979,013064-395-22156,"Deck Standard  BF (epoxy coated / blank) W=560 L=223,1",237
980,013064-395-22146,"Deck Standard  BF (epoxy coated / blank) W=460 L=223,1",258
982,013064-395-07196,Deck Standard  BF (epoxy coated / blank) W=960 L=73,6
983,013064-395-07186,"Deck Standard  BF (epoxy coated / blank) W=860 L=73,03",1
984,013064-395-07176,Deck Standard  BF (epoxy coated / blank) W=760 L=73,27
985,013064-395-07166,"Deck Standard  BF (epoxy coated / blank) W=660 L=73,1",13
986,013064-395-07156,"Deck Standard  BF (epoxy coated / blank) W=560 L=73,1",42
987,013064-395-07146,"Deck Standard  BF (epoxy coated / blank) W=460 L=73,1",181
988,013064-371-01198,Assy Pressure wheel,7
990,013064-339-00001,Assy SR frictionwheel,8
994,013064-060-10620,Assy shallow drive ?200 Left W=620,10
996,013064-060-00920,Assy shallow drive ?200 Right W=920,12
997,013064-060-00720,Assy shallow drive ?200 Right W=720,12
998,013064-060-00620,Assy shallow drive ?200 Right W=620,3
999,013064-060-00520,Assy shallow drive ?200 Right W=520,22
1001,013064-023-01800,Assy belt protection angle,23
1003,013064-023-01200,Assy belt protection angle,29
1005,013064-021-30732,Assy Return Roller SB merge section,14
1006,013064-021-30632,Assy Return Roller SB merge section,23
1007,013064-021-20632,Assy Return Roller SB merge section,11
1009,013064-019-21076,Weldment merge deck L=2096,14
1010,013064-019-15076,Weldment merge deck L=1496,6
1011,013064-018-30066,Merge deck small W=660 L=2996,2
1012,013064-018-21066,Merge deck small W=660 L=2096,7
1013,013064-018-15066,Merge deck small W=660 L=1496,23
1014,013064-017-00001,Assy connection LR junction,138
1015,013064-003-00520,Assy Nose Over MB,28
1016,012806-075-00145,ASSY FILLING PLATE,152
1017,012634-039-30001,"Assy slider bed, W=1500mm, L=3000mm",228
1018,012632-998-00001,Assy Underguarding Clip,49458
1019,012632-997-01020,Sheet underguarding 958 x 1500mm conveyor W=1020mm,83
1020,012632-997-00920,Sheet underguarding 858 x 1500mm conveyor W=920mm,143
1021,012632-997-00820,Sheet underguarding 758 x 1500mm conveyor W=820mm,337
1022,012632-997-00720,Sheet underguarding 658 x 1500mm conveyor W=720mm,568
1023,012632-997-00620,Sheet underguarding 558 x 1500mm conveyor W=620mm,2271
1024,012632-997-00520,Sheet underguarding 458 x 1500mm conveyor W=520mm,4535
1025,012632-964-00458,?50 Slave roller dual side Poly-V belt Axle EL=458 L=480mm,779
1028,012632-958-00758,?50 Slave roller single side Poly-V belt Axle EL=758 L=780mm,355
1034,012632-958-00658,?50 Slave roller single side Poly-V belt Axle EL=658 L=680mm,1384
1039,012632-958-00558,?50 Slave roller single side Poly-V belt Axle EL=558 L=580mm,6780
1046,012632-958-00458,?50 Slave roller single side Poly-V belt Axle EL=458 L=480mm,12392
1069,012632-907-00001,Poly-V Belt 2PJ,33104
1073,012632-905-30038,Belt guide (wood),79
1074,012632-898-11001,Assy guardrail Dotm-RM,1
1075,012632-898-01001,Assy guardrail Dotm-RM,1
1076,012632-896-00520,Assy Underguarding RM,1
1079,012632-885-00658,"?50 Gravity roller with spring, light running St/hex, EL=658",152
1080,012632-885-00558,"?50 Gravity roller with spring, light running St/hex EL=558",705
1081,012632-885-00458,"?50 Gravity roller with spring, light running St/hex EL=458",259
1086,012632-847-45960,Underguarding LRC,4
1087,012632-847-45660,Underguarding LRC,22
1088,012632-847-45560,Underguarding LRC,17
1089,012632-847-45460,Underguarding LRC,262
1090,012632-847-30760,Underguarding LRC,6
1091,012632-847-30660,Underguarding LRC,12
1092,012632-847-30560,Underguarding LRC,4
1093,012632-847-30460,Underguarding LRC,26
1094,012632-841-00520,Assy rollermerge,1
1109,012632-761-00001,Assy 5/2 Valve for Multibelt,2587
1111,012632-683-00001,Assy Standard Fasteners M10,238097
1113,012632-539-00520,Crossmember Multi Belt,74
1115,012632-427-00920,Mounting angle Drive LR/ARP,4
1116,012632-427-00820,Mounting angle Drive LR/ARP,6
1118,012632-427-00520,Mounting angle Drive LR/ARP,90
1119,012632-409-00852,Safety cap ETU ?75 BF RAL7016  L=852,5
1120,012632-409-00652,Safety cap ETU ?75 BF  RAL7016  L=652,1
1126,012632-365-11090,Assy Drivetrain ?200 Drive Medium Power SEW (US) IE3,9
1127,012632-365-11060,Assy Drivetrain ?200 Drive Medium Power SEW (US) IE3,34
1128,012632-365-11045,Assy Drivetrain ?200 Drive Medium Power SEW (US) IE3,43
1130,012632-365-10130,Assy Drivetrain ?200 Drive Medium Power SEW (US) IE3,23
1131,012632-365-10090,Assy Drivetrain ?200 Drive Medium Power SEW (US) IE3,8
1132,012632-365-10060,Assy Drivetrain ?200 Drive Medium Power SEW (US) IE3,32
1133,012632-365-10045,Assy Drivetrain ?200 Drive Medium Power SEW (US) IE3,65
1135,012632-365-01150,Assy Drivetrain ?200 Drive Medium Power SEW (US) IE3,1
1137,012632-365-01090,Assy Drivetrain ?200 Drive Medium Power SEW (US) IE3,20
1138,012632-365-01060,Assy Drivetrain ?200 Drive Medium Power SEW (US) IE3,27
1139,012632-365-01045,Assy Drivetrain ?200 Drive Medium Power SEW (US) IE3,16
1141,012632-365-00130,Assy Drivetrain ?200 Drive Medium Power SEW (US) IE3,3
1142,012632-365-00090,Assy Drivetrain ?200 Drive Medium Power SEW (US) IE3,15
1143,012632-365-00060,Assy Drivetrain ?200 Drive Medium Power SEW (US) IE3,29
1144,012632-365-00045,Assy Drivetrain ?200 Drive Medium Power SEW (US) IE3,48
1160,012632-251-10460,Straight Drive Roller PM500FE-25,3
1161,012632-251-00660,Straight Drive Roller PM500FE-25,23
1162,012632-251-00460,Straight Drive Roller PM500FE-25,155
1165,012632-224-00001,Assy brace Lmin=150 Lmax=540,8
1166,012632-223-00001,Assy Adjustable 90� Connection,209
1167,012632-222-00003,Assy single adjustable connection,3
1169,012632-222-00001,Assy single adjustable connection,314
1170,012632-209-01020,Workstation support beam single,1
1171,012632-209-00920,Workstation support beam single,24
1172,012632-209-00820,Workstation support beam single,9
1173,012632-209-00720,Workstation support beam single,70
1174,012632-209-00620,Workstation support beam single,15
1175,012632-209-00520,Workstation support beam single,34
1185,012632-174-00300,Assy guardrail nose over  H=300,20
1190,012632-169-90062,Guardrail U-shape Outercurve H=100mm,7
1191,012632-169-90052,Guardrail U-shape Outercurve H=100mm,124
1192,012632-169-60072,Guardrail U-shape Outercurve H=100mm,5
1193,012632-169-60062,Guardrail U-shape Outercurve H=100mm,2
1194,012632-169-60052,Guardrail U-shape Outercurve H=100mm,5
1196,012632-169-45072,Guardrail U-shape Outercurve H=100mm,3
1197,012632-169-45062,Guardrail U-shape Outercurve H=100mm,3
1198,012632-169-45052,Guardrail U-shape Outercurve H=100mm,20
1199,012632-169-30082,Guardrail U-shape Outercurve H=100mm,3
1200,012632-169-30072,Guardrail U-shape Outercurve H=100mm,1
1201,012632-169-30052,Guardrail U-shape Outercurve H=100mm,16
1202,012632-168-90000,Guardrail U-shape Innercurve H=100mm,131
1203,012632-168-60000,Guardrail U-shape Innercurve H=100mm,12
1204,012632-168-45000,Guardrail U-shape Innercurve H=100mm,26
1205,012632-168-30000,Guardrail U-shape Innercurve H=100mm,8
1207,012632-164-10155,Assy U-Side Guarding support Adjustable,98
1208,012632-164-10055,Assy U-Side Guarding support Adjustable,6
1209,012632-164-00155,Assy U-Side Guarding support Adjustable,13137
1210,012632-164-00055,Assy U-Side Guarding support Adjustable,114
1211,012632-160-00001,Assy sideguarding bracket high,16
1212,009527-020-20715,Assy LRJ 30� Right with Pitch 60mm / Finger Protection,12
1213,009527-021-20715,Assy LRJ 30� Left with Pitch 60mm / Finger Protection,12
1214,012632-148-07596,Weldment Heavy Deck  L=748,3
1215,012632-148-07576,Weldment Heavy Deck RAL7016  L=748,15
1216,012632-148-07556,Weldment Heavy Deck  L=748,769
1217,012632-148-07546,Weldment Heavy Deck  L=748,47
1218,012632-141-10520,Assy return roller MB L=520mm + slots,1248
1219,012632-140-30820,Assy return roller SB L=820mm w PVC covering + slots,11
1220,012632-140-30720,Assy return roller SB L=720mm w PVC covering + slots,133
1221,012632-140-30620,Assy return roller SB L=620mm w PVC covering + slots,226
1222,012632-140-30520,Assy return roller SB L=520mm w PVC covering + slots,85
1223,012632-140-21020,Assy return roller SB L=1020mm w/o PVC covering + slots,43
1224,012632-140-20920,Assy return roller SB L=920mm w/o PVC covering + slots,68
1225,012632-140-20820,Assy return roller SB L=820mm w/o PVC covering + slots,147
1226,004421-07033,E12/2 U0/V/U0-SE black W=700 prepared FR,12
1227,012632-140-20720,Assy return roller SB L=720mm w/o PVC covering + slots,8
1228,012632-140-20620,Assy return roller SB L=620mm w/o PVC covering + slots,580
1229,012632-140-20520,Assy return roller SB L=520mm w/o PVC covering + slots,962
1230,012632-131-00820,Assy Bridge Roller  L=770,6
1231,012632-131-00720,Assy Bridge Roller  L=670,6
1232,012632-131-00620,Assy Bridge Roller  L=570,12
1233,012632-104-02102,Assy SR Left,1
1234,012632-104-02062,Assy SR Left,3
1235,012632-104-01082,Assy SR Left,1
1238,012632-103-02102,Assy SR Right,1
1239,012632-103-02062,Assy SR Right,3
1240,012632-103-01102,Assy SR Right,1
1241,012632-103-01082,Assy SR Right,2
1242,012632-103-01072,Assy SR Right,5
1243,012632-096-00140,Top cover medium,1
1244,012632-095-00001,Top cover small,272
1245,012632-094-00150,Assy Multiveyor Channel,2506
1246,012632-094-00075,Assy Multiveyor Channel,108
1247,012632-092-06204,Assy Drive Additionals 200 drive Multi Belt,1
1248,012632-092-05204,Assy Drive Additionals 200 drive Multi Belt,111
1249,012632-085-01020,Assy Drive Additionals 200 drive Single Belt,4
1250,012632-085-00920,Assy Drive Additionals 200 drive Single Belt,2
1251,012632-085-00820,Assy Drive Additionals 200 drive Single Belt,28
1252,012632-085-00720,Assy Drive Additionals 200 drive Single Belt,6
1253,012632-085-00620,Assy Drive Additionals 200 drive Single Belt,81
1254,012632-085-00520,Assy Drive Additionals 200 drive Single Belt,140
1258,012632-084-10620,Assy tracking roller,46
1259,012632-084-10520,Assy tracking roller,16
1260,012632-082-11020,Assy Tracking Unit Single,2
1262,012632-082-10820,Assy Tracking Unit Single,7
1263,012632-082-10720,Assy Tracking Unit Single,25
1264,012632-082-10620,Assy Tracking Unit Single,51
1265,012632-082-10520,Assy Tracking Unit Single,27
1266,012632-082-00820,Assy Tracking Unit Single,3
1267,012632-082-00520,Assy Tracking Unit Single,10
1268,012632-064-00820,Assy fixed stop,6
1269,012632-064-00720,Assy fixed stop,1
1270,012632-064-00620,Assy fixed stop,17
1271,012632-064-00520,Assy fixed stop,53
1272,012632-063-01020,Assy end stop,2
1273,012632-063-00820,Assy end stop,3
1274,012632-063-00720,Assy end stop,9
1275,012632-063-00620,Assy end stop,147
1276,012632-063-00520,Assy end stop,34
1277,012632-057-06204,Assy ETU Multiveyor  L=560,2
1278,012632-057-05204,Assy ETU Multiveyor  L=460,222
1279,012632-055-01020,"Assy ETU standard BF (W=Wmm), roller L=944mm",15
1280,012632-055-00920,"Assy ETU standard BF (W=Wmm), roller L=844mm",35
1281,012632-055-00820,"Assy ETU standard BF (W=Wmm), roller L=744mm",58
1282,012632-055-00720,"Assy ETU standard BF (W=Wmm), roller L=644mm",66
1283,012632-055-00620,"Assy ETU standard BF (W=Wmm), roller L=544mm",398
1284,012632-055-00520,"Assy ETU standard BF (W=Wmm), roller L=444mm",461
1285,012632-050-01020,Assy Nose Over SB,3
1286,012632-050-00920,Assy Nose Over SB,26
1287,012632-050-00820,Assy Nose Over SB,25
1289,012632-050-00620,Assy Nose Over SB,84
1290,012632-050-00520,Assy Nose Over SB,116
1292,004552-09000,Belt EL0/V10 LG-SE black W=900 endless tol acc elastic,14
1293,012632-043-13000,Assy MD Angle=90� transfer  L=797 W=520,56
1294,012632-015-17035,"Side cover, L=1457 mm, colour light grey",21152
1296,012632-007-00960,Crossmember axle ?16mm,5
1298,012632-007-00760,Crossmember axle ?16mm,48
1299,012632-007-00660,Crossmember axle ?16mm,421
1300,012632-007-00560,Crossmember axle ?16mm,750
1301,012632-007-00460,Crossmember axle ?16mm,2167
1302,012632-006-00001,Connection Bed-Bed   RAL7016,8720
1303,012632-005-01020,Crossmember Standard,6
1305,012632-005-00820,Crossmember Standard,41
1306,012632-005-00720,Crossmember Standard,246
1307,012632-005-00620,Crossmember Standard,410
1308,012632-005-00520,Crossmember Standard,879
1309,012632-002-04200,Conveyor Channel Ral 7016,658
1310,012632-002-03000,Conveyor Channel Ral 7016,8024
1311,012632-002-01500,Conveyor Channel Ral 7016,2321
1317,012608-087-00002,Assy hinge connection LRJ to .M track,3
1318,012608-087-00001,Assy hinge connection LRJ to .M track,3
1319,012608-066-10700,Assy underguarding BJ 30�,6
1322,012201-084-61110,Cover ETU charge side BM,1
1323,012201-084-30910,Cover ETU charge side BM,2
1324,012201-084-11410,Cover ETU charge side BM,1
1326,012201-001-01200,Assy finger protection,103
1327,012201-001-01500,Assy finger protection,92
1329,012100-760-11070,Assy Connection Side Guarding Belt Junction 30� Left,9
1332,011509-242-00600,Assy infeed guide corners,11
1333,011508-045-11422,Bottom plate drive aluminium aluminium L=1422,81
1334,011508-045-11122,Bottom plate drive aluminium aluminium L=1122,23
1335,011508-045-10922,Bottom plate drive aluminium aluminium L=922,4
1338,011507-657-40000,ASSY COVER ETU,30
1339,011507-657-20000,ASSY COVER ETU,30
1340,011507-657-10000,ASSY COVER ETU,3
1343,011507-023-01500,Assy tracking roller,42
1344,011507-023-01200,Assy tracking roller,15
1345,011507-023-01000,Assy tracking roller,3
1352,011488-159-09210,Assy Return Belt Support Wheels (DotM),4
1353,011488-159-08211,Assy Return Belt Support Wheels (DotM),10
1354,011488-159-08210,Assy Return Belt Support Wheels (DotM),27
1355,011488-159-06210,Assy Return Belt Support Wheels (DotM),73
1356,011488-159-05210,Assy Return Belt Support Wheels (DotM),81
1361,004421-10033,Belt E12/2 U0/V/U0-SE black W=1000 prepared FR,17
1372,010226-010-20060,FIlling channel,971
1373,010226-010-20040C9A,FIlling channel,115
1374,010226-010-20040,FIlling channel,1842
1384,010193-113-20041,Assy R3 support double (welded),4
1387,010193-071-00002,Assy inlet skewed roller,4
1388,010193-071-00001,Assy inlet skewed roller,4
1393,010193-029-06083,Assy R4 Support,9
1398,010193-029-05083,Assy R4 Support,67
1399,010193-029-05075,Assy R4 Support,8
1400,010193-029-05068,Assy R4 Support,1
1402,010193-029-05053,Assy R4 Support,32
1406,010193-029-04083,Assy R4 Support,16
1409,010193-029-04038,Assy R4 Support,13
1417,010193-029-03083,Assy R4 Support,97
1418,010193-029-03075,Assy R4 Support,8
1419,010193-029-03068,Assy R4 Support,9
1420,010193-029-03060,Assy R4 Support,333
1421,010193-029-03053,Assy R4 Support,217
1422,010193-029-03045,Assy R4 Support,73
1425,010193-029-02193,Assy R4 Support,21
1426,010193-029-02128,Assy R4 Support,5
1427,010193-029-02120,Assy R4 Support,15
1428,010193-029-02113,Assy R4 Support,9
1429,010193-029-02105,Assy R4 Support,10
1430,010193-029-02098,Assy R4 Support,1
1431,010193-029-02090,Assy R4 Support,7
1432,010193-029-02083,Assy R4 Support,483
1433,010193-029-02075,Assy R4 Support,21
1434,010193-029-02068,Assy R4 Support,22
1435,010193-029-02060,Assy R4 Support,87
1436,010193-029-02053,Assy R4 Support,136
1437,010193-029-02045,Assy R4 Support,27
1438,010193-029-02038,Assy R4 Support,36
1441,010193-026-01110,Assy brace multiplex,6
1442,010193-026-00910,Assy brace multiplex,33
1443,010193-026-00810,Assy brace multiplex,24
1444,010193-026-00710,Assy brace multiplex,109
1445,010193-026-00610,Assy brace multiplex,166
1447,010193-023-00002,Assy brace,17
1448,010193-023-00001,Assy brace,911
1449,010193-021-03082,Assy NC ARP pressure unit without brake,66
1452,010193-012-01710,Assy Crossmember Heavy (2x Bed) W=,39
1454,010193-012-01310,Assy Crossmember Heavy (2x Bed) W=,160
1455,010193-011-13082,assy NC ARP pressure unit with distance to brake = 45 mm,33
1458,010193-007-00825,Assy Single R4 Support,27
1460,010193-007-00675,Assy Single R4 Support,6
1462,010193-007-00525,Assy Single R4 Support,24
1465,010193-001-01110,Assy Crossmember round (Bed=) W=,202
1466,010193-001-01010,Assy Crossmember round (Bed=) W=,26
1467,010193-001-00910,Assy Crossmember round (Bed=) W=,327
1468,010193-001-00810,Assy Crossmember round (Bed=) W=,66
1469,010193-001-00710,Assy Crossmember round (Bed=) W=,865
1470,010193-001-00610,Assy Crossmember round (Bed=) W=,1356
1471,010192-036-00150,Open box profile length is L,442
1482,010188-032-00001,Assy square tube angled,7
1485,009847-278-00001,Change over,142
1487,009650-075-00001,Assy end piece for ETU,28
1488,009570-218-00001,Assy Connection BF-BF Adjustable Angle ETU ?75,14
1492,009570-211-63000,Assy Side Guarding And Change Over ETU ?100,20
1495,009570-211-61500,Assy Side Guarding And Change Over ETU ?100,4
1496,009570-211-61400,Assy Side Guarding And Change Over ETU ?100,12
1499,009570-211-61250,Assy Side Guarding And Change Over ETU ?100,2
1500,009570-211-61200,Assy Side Guarding And Change Over ETU ?100,1
1502,009570-211-61100,Assy Side Guarding And Change Over ETU ?100,1
1503,009570-211-61050,Assy Side Guarding And Change Over ETU ?100,1
1504,009570-211-61000,Assy Side Guarding And Change Over ETU ?100,1
1505,009570-211-60950,Assy Side Guarding And Change Over ETU ?100,1
1508,009570-211-60800,Assy Side Guarding And Change Over ETU ?100,15
1509,009570-211-60750,Assy Side Guarding And Change Over ETU ?100,4
1514,009570-211-31500,Assy Side Guarding And Change Over ETU ?100,1
1518,004552-07000,Belt EL0/V10 LG-SE black W=700 endless tol acc elastic,29
1522,009570-208-63000,Assy Side Guarding And Change Over ETU ?75,2
1529,009527-119-00001,"Assy skewed roller total 60mm pitch, align to left",4
1530,009527-118-00001,"Assy skewed roller total 60mm pitch, align to right",3
1535,012632-157-00001,Assy finger protection,375
1539,009249-771-00030,Assy PAD support,2
1540,009249-771-00010,Assy PAD support,77
1541,009249-766-00001,Joining Plate Reinforcement,9875
1543,009249-746-00190,Assy Sliding plate from BC-BF left,24
1544,009249-746-00150,Assy Sliding plate from LRC-BF left,23
1545,009249-746-00090, Assy Sliding plate from BC-BF left,84
1546,009249-745-00190,Assy Sliding plate from BC-BF right,24
1547,009249-745-00150,Assy Sliding plate from LRC-BF right,42
1548,009249-745-00090,Assy Sliding plate from BC-BF right,110
1549,009249-735-50625,Assy Bridge Conveyor,8
1551,009249-735-40624,Assy Bridge Conveyor,28
1553,009249-696-20633,Assy BRM,8
1555,009249-684-21024,Assy LRJ 30� right,6
1556,009249-684-21013,Assy LRJ 30� right,2
1557,009249-684-21012,Assy LRJ 30� right,7
1558,009249-684-20612,Assy LRJ 30� right,12
1561,009249-683-21012,Assy LRJ 30� left,1
1562,009249-683-20625,Assy LRJ 30� left,3
1563,009249-683-20612,Assy LRJ 30� left,1
1564,009249-682-21025,Assy LRJ 45� right,2
1565,009249-682-21014,Assy LRJ 45� right,4
1567,009249-681-21025,Assy LRJ 45� left,1
1568,009249-681-21014,Assy LRJ 45� left,3
1570,009249-679-21023,ASSY Curve 90�,4
1571,009249-679-20627,ASSY Curve 90�,2
1572,009249-679-20624,ASSY Curve 90�,4
1573,009249-679-20623,ASSY Curve 90�,3
1574,009249-679-20622,ASSY Curve 90�,141
1575,009249-679-20322,ASSY Curve 90�,1
1576,009249-678-20624,ASSY Curve 60�,5
1577,009249-678-20623,ASSY Curve 60�,2
1578,009249-678-20622,ASSY Curve 60�,5
1580,009249-677-21014,ASSY Curve 45�,2
1581,009249-677-21013,ASSY Curve 45�,3
1582,009249-677-20614,ASSY Curve 45�,5
1583,009249-677-20612,ASSY Curve 45�,24
1584,009249-676-20615,ASSY Curve 30�,3
1585,009249-676-20614,ASSY Curve 30�,1
1586,009249-676-20612,ASSY Curve 30�,16
1587,009249-660-10150,Drive train LRJ 520 SEW US IE3,6
1589,009249-654-00045,Assy Drivetrain SR start-stop SEW (US) IE3,2
1591,009249-653-00060,Assy Drivetrain SR SEW (US) IE3,8
1592,009249-653-00045,Assy Drivetrain SR SEW (US) IE3,6
1593,009249-653-00030,Assy Drivetrain SR SEW (US) IE3,3
1594,009249-652-10060,Assy Drivetrain LR/ARP SEW (US) IE3,7
1595,009249-652-10045,Assy Drivetrain LR/ARP SEW (US) IE3,3
1596,009249-652-00060,Assy Drivetrain LR/ARP SEW (US) IE3,29
1597,009249-652-00045,Assy Drivetrain LR/ARP SEW (US) IE3,5
1600,009249-645-11060,Assy Drivetrain ?75 Drive High Power SEW (US) IE3,7
1601,009249-645-11045,Assy Drivetrain ?75 Drive High Power SEW (US) IE3,3
1602,009249-645-10130,Assy Drivetrain ?75 Drive High Power SEW (US) IE3,1
1603,009249-645-10090,Assy Drivetrain ?75 Drive High Power SEW (US) IE3,19
1604,009249-645-10060,Assy Drivetrain ?75 Drive High Power SEW (US) IE3,19
1605,009249-645-10045,Assy Drivetrain ?75 Drive High Power SEW (US) IE3,29
1607,009249-645-01090,Assy Drivetrain ?75 Drive High Power SEW (US) IE3,7
1608,009249-645-01060,Assy Drivetrain ?75 Drive High Power SEW (US) IE3,9
1609,009249-645-01045,Assy Drivetrain ?75 Drive High Power SEW (US) IE3,3
1610,009249-645-00090,Assy Drivetrain ?75 Drive High Power SEW (US) IE3,20
1611,009249-645-00060,Assy Drivetrain ?75 Drive High Power SEW (US) IE3,12
1612,009249-645-00045,Assy Drivetrain ?75 Drive High Power SEW (US) IE3,27
1613,009249-640-11069,Assy Drive Train MD 90� Transfer SEW (US) IE3,56
1616,009249-637-20060,Assy drivetrain TBS SEW (US),70
1618,009249-637-20030,Assy drivetrain TBS SEW (US),17
1619,009249-632-00001,Assy Reflector Low Adjustable / 60mm to side,128
1620,009249-627-00001,Assy PEC Low Adjustable / with PEC / 10mm detection / 60mm to side,128
1621,009249-621-00650,"?50 gravity roller with axle ?17 axle extension 5 mm (2x), M8, EL= 650mm",52
1623,009249-554-00001,Assy Cabling CBK-109FP (1 Dir M12),1610
1642,009249-494-20004,Assy belt guiding unit MB,220
1643,009249-468-00520,Side safety cover 90� transfer MB,88
1644,009249-467-00155,Assy Safety Cover Bracket,2
1645,009249-467-00055,Assy Safety Cover Bracket,1110
1647,009249-466-00054,MB Drive Safety Cover Plate,555
1649,009249-465-00574,Assy Safety Cover Accumulation Unit,2090
1650,009249-465-00559,Assy Safety Cover Accumulation Unit,530
1651,009249-465-00544,Assy Safety Cover Accumulation Unit,186
1652,009249-462-00007,Bracket outercurve for underguarding,4
1653,009249-462-00004,Bracket outercurve for underguarding,8
1654,009249-462-00003,Bracket outercurve for underguarding,12
1655,009249-462-00002,Bracket outercurve for underguarding,222
1656,009249-461-45960,Sheet underguarding LRC,2
1657,009249-461-45660,Sheet underguarding LRC,4
1658,009249-461-45560,Sheet underguarding LRC,6
1659,009249-461-45460,Sheet underguarding LRC,111
1660,009249-461-30660,Sheet underguarding LRC,5
1661,009249-461-30560,Sheet underguarding LRC,2
1662,009249-461-30460,Sheet underguarding LRC,1
1675,009249-459-00004,Bracket outercurve for underguarding,5
1676,009249-459-00003,Bracket outercurve for underguarding,2
1677,009249-459-00002,Bracket outercurve for underguarding,1
1678,009249-458-00090,bracket innercurve for underguarding,125
1679,009249-458-00060,bracket innercurve for underguarding,8
1682,009249-453-00001,Assy anti-skewing bracket MDR,3982
1683,009249-442-31102,Assy powerfeeder SB-SB,2
1684,009249-442-31092,Assy powerfeeder SB-SB,1
1685,009249-442-31082,Assy powerfeeder SB-SB,1
1686,009249-442-31062,Assy powerfeeder SB-SB,1
1687,009249-442-31052,Assy powerfeeder SB-SB,18
1689,009249-442-30082,Assy powerfeeder SB-SB,7
1691,009249-442-30062,Assy powerfeeder SB-SB,5
1692,009249-442-30052,Assy powerfeeder SB-SB,13
1693,009249-442-21102,Assy powerfeeder SB-SB,1
1694,009249-442-21082,Assy powerfeeder SB-SB,2
1695,009249-442-21062,Assy powerfeeder SB-SB,1
1696,009249-442-21052,Assy powerfeeder SB-SB,8
1697,009249-442-20082,Assy powerfeeder SB-SB,6
1698,009249-442-20062,Assy powerfeeder SB-SB,17
1699,009249-442-20052,Assy powerfeeder SB-SB,8
1700,009249-441-30092,Assy powerfeeder extended SB-SB,1
1701,009249-441-30052,Assy powerfeeder extended SB-SB,1
1702,009249-441-21052,Assy powerfeeder extended SB-SB,3
1703,009249-441-20052,Assy powerfeeder extended SB-SB,12
1704,009249-436-11020,Assy 24V end drive,7
1705,009249-436-10820,Assy 24V end drive,29
1706,009249-436-10720,Assy 24V end drive,47
1707,009249-436-10620,Assy 24V end drive,239
1708,009249-436-10520,Assy 24V end drive,465
1709,009249-436-01020,Assy 24V end drive,7
1711,009249-436-00720,Assy 24V end drive,118
1712,009249-436-00620,Assy 24V end drive,475
1713,009249-436-00520,Assy 24V end drive,229
1714,009249-435-51295,Assy U-Side Guarding support Adjustable,476
1716,009249-434-01020,Assy tilt ETU,14
1717,009249-434-00820,Assy tilt ETU,29
1718,009249-434-00720,Assy tilt ETU,165
1719,009249-434-00620,Assy tilt ETU,705
1720,009249-434-00520,Assy tilt ETU,699
1721,009249-431-10092,ETU Non-conveyable,2
1722,009249-431-10082,ETU Non-conveyable,3
1724,009249-431-10052,ETU Non-conveyable,45
1725,009249-431-00092,ETU Non-conveyable,2
1726,009249-431-00082,ETU Non-conveyable,3
1728,009249-431-00052,ETU Non-conveyable,45
1729,009249-426-00040,Assy R3 support low single,140
1730,009249-426-00015,Assy R3 support low single,156
1732,009249-422-33004,Assy Accumulation Unit,10
1733,009249-422-23004,Assy Accumulation Unit,1739
1734,009249-422-22004,Assy Accumulation Unit,656
1735,009249-422-21004,Assy Accumulation Unit,190
1739,009249-418-00820,Safety cover for conveyors in sequence,11
1740,009249-418-00720,Safety cover for conveyors in sequence,69
1741,009249-418-00620,Safety cover for conveyors in sequence,42
1742,009249-418-00520,Safety cover for conveyors in sequence,85
1744,009249-403-06052,Assy transfer belt single,87
1746,009249-391-00520,Assy connection Vanderlande BC - DotM,2
1747,012632-906-00001,Finger protection short,33506
1754,009249-342-00520,Assy LRC 90� CCW,2
1755,009249-341-00620,Assy LRC 90� CW,1
1757,009249-313-10520,Assy LRJ 30� Powertwist Left,6
1760,009249-310-00660,Assy Movable Stop,5
1761,009249-265-00002,Assy cover ARP/LR,100
1762,009249-265-00001,Assy cover ARP/LR,100
1763,009249-260-02923,Assy underguarding cover ARP/LR,264
1766,009249-184-00520,End cover TBS,157
1767,009249-173-00001,Assy LR bracket,14
1771,009249-088-00001,Assy cover for tension unit ?200 drive,866
1772,009249-018-13092,Assy pressure unit ARP,60
1774,009249-018-13052,Assy pressure unit ARP,468
1776,009249-018-12052,Assy pressure unit ARP,443
1786,009201-717-00620,Assy LRJ Underguarding Right,8
1838,009201-684-00620,LR Motor Underguarding,14
1840,009201-683-00620,Assy LRJ Underguarding Left,6
1846,009201-680-00620,Assy LRJ 20� Right,8
1848,009201-679-00620,Assy LRJ 20� Left,6
1852,009201-671-02040,Assy Drive Train LR/LRC/LRJ,14
1858,009201-624-11137,Assy Drive ?200 HS,1
1859,009201-624-11135,Assy Drive ?200 HS,3
1860,009201-624-11125,Assy Drive ?200 HS,11
1861,009201-624-11065,Assy Drive ?200 HS,3
1862,009201-624-11057,Assy Drive ?200 HS,3
1863,009201-624-11037,Assy Drive ?200 HS,6
1864,009201-624-11035,Assy Drive ?200 HS,2
1866,009201-624-01157,Assy Drive ?200 HS,2
1867,009201-624-01155,Assy Drive ?200 HS,1
1868,009201-624-01137,Assy Drive ?200 HS,1
1869,009201-624-01135,Assy Drive ?200 HS,4
1870,009201-624-01125,Assy Drive ?200 HS,11
1871,009201-624-01065,Assy Drive ?200 HS,1
1920,009201-426-00620,End cap LR,8
1932,015593-071-01200,Assy finger protection,1
1956,004552-05000,Belt EL0/V10 LG-SE black W=500 endless tol acc elastic,705
1971,009201-059-00820,Assy tracking roller,4
1972,009201-059-00620,Assy tracking roller,2
1977,008969-116-00720,Net support single,36
1978,008969-116-00620,Net support single,16
1979,008969-116-00520,Net support single,436
1981,008969-106-00820,Assy Endplate,12
1982,008969-106-00620,Assy Endplate,7
1983,008969-106-00520,Assy Endplate,21
1984,008969-013-01020,Net support double,17
1986,008969-013-00720,Net support double,265
1987,008969-013-00620,Net support double,311
1988,008969-013-00520,Net support double,892
1990,008969-010-00002,Assy inductor plates st.st.,7
1991,008969-010-00001,Assy inductor plates st.st.,8
1992,008968-037-02102,Assy perforated underguarding skewed roller,2
1993,008968-037-02062,Assy perforated underguarding skewed roller,6
1994,008968-037-01102,Assy perforated underguarding skewed roller,1
1995,008968-037-01082,Assy perforated underguarding skewed roller,3
1996,008968-037-01072,Assy perforated underguarding skewed roller,2
1999,008968-005-00001,Assy Support Sideguard 100mm,4
2000,008967-012-11121,Assy LR/ARP drive V=,4
2002,008967-012-01121,Assy LR/ARP drive V=,2
2004,008967-010-14070,Assy BJ 30deg W=700 V=90-180m/min; with PPI Ammeraal,9
2009,008967-005-01810,Assy Crossmember Heavy for ceiling hanger (2x Bed) A=,46
2013,008967-003-01225,Assy Crossmember round for ceiling hanger (Bed=1020) A=1225,106
2014,008967-003-01025,Assy Crossmember round for ceiling hanger (Bed=820) A=1025,24
2015,008967-003-00925,Assy Crossmember round for ceiling hanger (Bed=720) A=920,829
2016,008967-003-00825,Assy Crossmember round for ceiling hanger (Bed=620) A=825,1378
2017,008967-003-00725,Assy Crossmember round for ceiling hanger (Bed=520) A=725,3181
2019,007811-008-05506,Assy R4 support metric for junction bed one side,5
2022,007811-005-00660,Weldment reinforced cross member,14
2023,007811-005-00560,Weldment reinforced cross member,15
2024,007811-005-00460,Weldment reinforced cross member,1
2025,007773-004-00001,Weldment support,121
2026,007397-089-10004,Plate Warning Sign,174
2027,007232-026-00820,Assy LRJ Underguarding 45� right,2
2028,007232-026-00720,Assy LRJ Underguarding 45� right,4
2029,007232-025-00820,Assy LRJ Underguarding 45� left,1
2030,007232-025-00720,Assy LRJ Underguarding 45� left,3
2031,007232-024-00820,Assy LRJ Underguarding 30� right,12
2032,007232-024-00720,Assy LRJ Underguarding 30� right,6
2033,007232-024-00620,Assy LRJ Underguarding 30� right,2
2034,007232-024-00520,Assy LRJ Underguarding 30� right,12
2035,007232-023-00820,Assy LRJ Underguarding 30� left,15
2038,007232-023-00520,Assy LRJ Underguarding 30� left,1
2039,007232-013-00920,Sheet underguarding (drive),2
2040,007232-013-00820,Sheet underguarding (drive),3
2041,007232-013-00620,Sheet underguarding (drive),2
2042,007232-013-00520,Sheet underguarding (drive),45
2046,007011-07102,"Pictogram ""Caution, drawing-in"" 100",174
2047,007011-06100,"Sticker pictogram: ""Caution, moving parts""100mm",76
2048,007011-02101,"Sticker pictogram: ""Caution, crushing of hands"" 100mm",174
2051,006881-69054,"Cover for R4 profile LxWxH 61,5x40,5x20mm RAL7016",2968
2052,006881-69050,"End cap 60x40x1,5mm GPN270",20
2053,006881-69027,"End cap 30x30x2,0mm GPN260",645
2055,004421-06033,Belt E12/2 U0/V/U0-SE black W=600 prepared FR,31
2056,006881-44215,Cover for footplate R4 support,269
2057,004421-13033,E12/2 U0/V/U0-SE black W=1300 prepared FR,40
2058,006881-44211,Rubber cover for R3+R4 foot base. SBR.75 shore,2423
2059,006881-00157,Cover hood complete for FA87/FV87/KA87/KV87/SA87,59
2060,006881-00156,Cover hood complete for FA37/FV37/KA29/KA37/KV37,13
2061,006881-00155,Cover hood complete for KA77/FA77/SA77,29
2062,006881-00127,Assy Coupling for U-sideguarding H=100mm,5412
2063,006881-00008,cable Guiding pin,288
2077,005408-024-13000,Assy side guarding,52
2078,005408-024-11500,Assy side guarding,6
2079,005408-024-10750,Assy side guarding,6
2081,005407-003-00001,Assy Bracket for PEC,480
2110,004421-08033,E12/2 U0/V/U0-SE black W=800 prepared FR,15
2137,004433-51033,Belt E12/2 V5/V10 + K10 U65 W=100 prepared 110mm Z-splice/118mm profile removed on weld,50
2139,004424-04001,Belt E8/2 U0/V15/LG-FR black W=400 prepared,109
2163,004302-00203,"Tubing Dxt = 8x1,25mm silver grey",176
2165,003850-056-03000,Assy Side Guarding BF Without Photocell Special H=600,6
2166,003850-035-03000,Assy Side Guarding BF Without Photocell H=600,608
2169,004420-04001,Belt E8/2 U0/V5H/MT-FR black W=400 prepared,119
2170,003850-035-02850,Assy Side Guarding BF Without Photocell H=600,1
2172,003850-035-02750,Assy Side Guarding BF Without Photocell H=600,1
2174,003850-035-02650,Assy Side Guarding BF Without Photocell H=600,1
2175,003850-035-02600,Assy Side Guarding BF Without Photocell H=600,1
2177,003850-035-02500,Assy Side Guarding BF Without Photocell H=600,1
2181,003850-035-02300,Assy Side Guarding BF Without Photocell H=600,8
2182,003850-035-02250,Assy Side Guarding BF Without Photocell H=600,1
2189,003850-035-01900,Assy Side Guarding BF Without Photocell H=600,3
2191,003850-035-01800,Assy Side Guarding BF Without Photocell H=600,2
2193,003850-035-01700,Assy Side Guarding BF Without Photocell H=600,1
2194,003850-035-01650,Assy Side Guarding BF Without Photocell H=600,3
2195,003850-035-01600,Assy Side Guarding BF Without Photocell H=600,5
2197,003850-035-01550,Assy Side Guarding BF Without Photocell H=600,2
2198,003850-035-01500,Assy Side Guarding BF Without Photocell H=600,414
2199,003850-035-01450,Assy Side Guarding BF Without Photocell H=600,6
2200,003850-035-01400,Assy Side Guarding BF Without Photocell H=600,16
2201,003850-035-01350,Assy Side Guarding BF Without Photocell H=600,52
2202,003850-035-01300,Assy Side Guarding BF Without Photocell H=600,10
2203,003850-035-01250,Assy Side Guarding BF Without Photocell H=600,16
2204,003850-035-01200,Assy Side Guarding BF Without Photocell H=600,16
2205,003850-035-01150,Assy Side Guarding BF Without Photocell H=600,4
2206,003850-035-01100,Assy Side Guarding BF Without Photocell H=600,8
2207,003850-035-01050,Assy Side Guarding BF Without Photocell H=600,10
2208,003850-035-01000,Assy Side Guarding BF Without Photocell H=600,24
2209,003850-035-00950,Assy Side Guarding BF Without Photocell H=600,15
2210,003850-035-00900,Assy Side Guarding BF Without Photocell H=600,24
2211,003850-035-00850,Assy Side Guarding BF Without Photocell H=600,15
2212,003850-035-00800,Assy Side Guarding BF Without Photocell H=600,14
2213,003850-035-00750,Assy Side Guarding BF Without Photocell H=600,12
2214,003850-035-00700,Assy Side Guarding BF Without Photocell H=600,17
2215,003850-035-00650,Assy Side Guarding BF Without Photocell H=600,32
2216,003850-035-00600,Assy Side Guarding BF Without Photocell H=600,15
2217,003850-035-00550,Assy Side Guarding BF Without Photocell H=600,23
2218,003850-035-00500,Assy Side Guarding BF Without Photocell H=600,18
2219,003850-035-00450,Assy Side Guarding BF Without Photocell H=600,65
2221,003850-035-00400,Assy Side Guarding BF Without Photocell H=600,14
2222,003850-035-00360,Assy Side Guarding BF Without Photocell H=600,6
2225,003281-472-00300,Power feeder change over,206
2226,003281-472-00100,Power feeder change over,188
2227,002770-99010,Washer M10 flat without chamfer ISO7089/DIN125A Steel ZP,1834
2228,002766-00010,Washer contact toothed M10 grounding flZn/nc/L/600H ISO10683,96
2232,002763-20010,Washer M10 ISO7089/DIN125A St 200HV flZn/nc/L/600H ISO10683,20
2233,002763-20008,Washer M8 ISO7089/DIN125A St 200HV flZn/nc/L/600H ISO10683,12524
2234,002763-00695,Washer wide mudwing repair M10 Steel ZP,200
2235,002763-00590,Washer wide M8 ISO7093 Steel ZP,104
2239,002763-00212,Washer high wide M12 ISO7094 St 100HV flZn/nc/L/600H ISO10683,20
2240,002763-00112,Washer high wide M12 ISO7094 Steel ZP,456
2241,002763-00110,Washer high wide M10 ISO7094 Steel ZP,7610
2242,002763-00106,Washer high wide M6 ISO7094 Steel ZP,1746
2243,002763-00016,Washer M16 flat without chamfer ISO7089/DIN125A Steel ZP,92
2244,002763-00012,Washer contact toothed M12 grounding ZP,48
2245,002763-00010,Washer contact toothed M10 grounding ZP,12974
2248,002763-00006,Washer contact toothed M6 grounding ZP,87753
2250,002760-00008,Washer UNP M8 DIN434 Steel HDG,22488
2255,002723-80416,Screw CR cheese head 4x16 steel DIN267 ZP,2738
2259,002522-110-00001,Connection bracket Right,130
2260,002522-109-00001,Connection bracket Left,130
2261,002439-06012,Screw HS button head with flange FT M6x12 ISO7380-2 stainless steel (A2),696
2262,002437-10020,Screw HS button head FT M10x20 ISO7380 CL 10.9 DIN267 ZP,9922
2264,002419-10120,Screw HS M10x120 ISO4762/DIN912 CL 8.8 DIN267 ZP,20
2265,002419-10030,Screw HS FT M10x30 ISO4762/DIN912 CL 8.8 DIN267 ZP,1000
2266,002419-10025,Screw HS FT M10x25 ISO4762/DIN912 CL 8.8 DIN267 ZP,500
2268,002419-08020,Screw HS FT M8x20 ISO4762/DIN912 CL 8.8 DIN267 ZP,104
2270,002419-06025,Screw HS FT M6x25 ISO4762/DIN912 CL 8.8 DIN267 ZP,1746
2271,002419-06020,Screw HS FT M6x20 ISO4762/DIN912 CL 8.8 DIN267 ZP,48326
2276,004552-06000,Belt EL0/V10 LG-SE black W=600 endless tol acc elastic,165
2281,002413-08020,Screw HS FT Tapt. M8x20,34948
2282,002412-01050,Screw HS countersunk M10x50 ISO10642/DIN7991 CL 8.8 DIN267 ZP,21
2283,002412-01030,Screw HS countersunk FT M10x30 ISO10642/DIN7991 CL 8.8 DIN267 ZP,230
2284,004552-04000,Belt EL0/V10 LG-SE black W=400 endless tol acc elastic,699
2285,002412-01025,Screw HS countersunk FT M10x25 ISO10642/DIN7991 CL 8.8 DIN267 ZP,68
2287,002412-00815,Screw HS countersunk FT M8x16 ISO10642/DIN7991 CL 8.8 DIN267 ZP,4510
2288,002373-00102,Clamp standard type A 10 S HDG,20
2289,002372-50008,Sliding block V8 steel M8 DIN267 ZP,484
2291,002372-00510,Nut Halfen 50/40 M10 CL 4 Steel DIN267 ZP,10131
2292,002372-00508,Nut Halfen 38/17 M8 CL 4 Steel DIN267 ZP,102
2293,002372-00507,Nut Halfen 38/17 M6 CL 4 Steel DIN267 ZP,38921
2294,002372-00506,Nut Halfen 50/40 M6 CL 4 Steel DIN267 ZP,1746
2302,002370-89210,Nut hex M10 DIN934 CL8 flZn/nc/L/600H ISO10683,48
2306,002370-88016,Nut hex M16 DIN934 CL 8 DIN267 ZP,92
2307,002370-88010,Nut hex M10 DIN934 CL 8 DIN267 ZP,6612
2308,002370-88008,Nut hex M8 DIN934 CL 8 DIN267 ZP,102
2309,002370-88006,Nut hex M6 DIN934 CL 8 DIN267 ZP,25906
2310,002322-08021,Bolt FL HH FT R M8x20 DIN6921 CL8.8 flZn/nc/L/480H ISO10683,786
2312,002322-06021,Bolt FL HH FT M6x20 DIN6921 CL8.8 flZn/nc/L/480H ISO10683,2032
2313,002322-06020,Bolt flange HH FT M6x20 DIN6921 CL 8.8 DIN267 ZP,988
2315,002315-21207,Anchor fixing W-FAZ/S M12-30/125 CL 8.8 ZP,456
2316,002315-01408,Anchor expansion non cracked concrete M10x83 � 2 clamp reach >=10mm,5912
2323,002313-10080,Bolt HH wood M10x80 DIN571 CL 4.6 DIN267 ZP,48
2325,002313-10040,Bolt HH wood M10x40 DIN571 CL 4.6 DIN267 ZP,1456
2327,002311-12030,Bolt HH FT M12x30 DIN933 CL 8.8 DIN267 ZP,48
2328,002311-10180,Bolt HH FT M10x180 DIN933 CL 8.8 DIN267 ZP,256
2329,002311-10050,Bolt HH FT M10x50 DIN933 CL 8.8 DIN267 ZP,190
2331,004444-03400,Belt E15/2 U0/V5 + F19x8 U65 green W=33 prepared,448
2333,002311-10025,Bolt HH FT M10x25 DIN933 CL 8.8 DIN267 ZP,80
2335,002311-08020,Bolt HH FT M8x20 ISO4017/DIN933 CL 8.8 DIN267 ZP,484
2337,002311-06100,Bolt HH FT M6x100 ISO4017/DIN933 CL 8.8 DIN267 ZP,14736
2338,002311-06015,Bolt HH FT M6x16 ISO4017/DIN933 CL 8.8 DIN267 ZP,25906
2339,002300-10120,Bolt HH FT M10x120 DIN933 CL8.8 flZn/nc/L/600H ISO10683,20
2341,002300-10020,Bolt HH FT M10x20 DIN933 CL8.8 flZn/nc/L/600H ISO10683,48
2352,001693-50000,Grounding clip t=2-3mm,7423
2354,001388-351-00100,Assy connection side guarding MBJ 30� Left,9
2359,001285-016-00790,Assy fixed side stop,75
2360,001285-016-00590,Assy fixed side stop,104
2361,001040-001-00940,"?50 driven roller with axle ?17 axle extension 10 mm (2x), M8, EL= 940",14
2362,001040-001-00840,"?50 driven roller with axle ?17 axle extension 10 mm (2x), M8, EL= 840",38
2363,001040-001-00740,"?50 driven roller with axle ?17 axle extension 10 mm (2x), M8, EL= 740",78
2365,001040-001-00540,"?50 driven roller with axle ?17 axle extension 10 mm (2x), M8, EL= 540",196
2366,001040-001-00440,"?50 driven roller with axle ?17 axle extension 10 mm (2x), M8, EL= 440",548
2367,000420-21179,KA39/DRN100LM4/2.2/216/M4B-90/-/IV/30/-/E,24
2372,000420-19873,KA77/DRN100LM4/2.2/57/M4A-270/B/AND8/50/-/E,12
2373,000420-19872,KA77/DRN100LM4/2.2/57/M4A-270/-/AND8/50/-/E,47
2376,000420-18531,KA49/DRN100LM4/2.2/73/M4B-90/-/IV/40/-/E,15
2377,000420-18304,KA49/DRN100LM4/2.2/93/M4B-90/B/IV/40/-/E/#,3
2378,000420-18271,KA77/DRN132S4/5.5/108/M4A-90/-/AND8/50/-/E,1
2379,000420-18270,KA77/DRN100L4/3/50/M4A-90/-/AND8/50/-/E,9
2380,000420-18263,KA49/DRN100L4/3/159/M4B-90/-/IV/40/-/E,3
2383,000420-18237,KA77/DRN132S4/5.5/108/M4A-90/B/AND8/50/-/E,2
2384,000420-18235,KA77/DRN112M4/4/72/M4A-90/B/AND8/50/-/E,1
2385,000420-18233,KA77/DRN100L4/3/50/M4A-90/B/AND8/50/-/E,9
2387,000420-18210,KA49/DRN100LM4/2.2/73/M4B-90/B/IV/40/-/E,3
2388,000420-18208,KA49/DRN90L4/1.5/73/M4B-90/B/IV/40/-/E,28
2389,000420-17634,KA49/DRN100LM4/2.2/93/M4B-90/-/IV/40/-/E,8
2391,000420-16727,KA77/DRN112M4/4/72/M4A-90/-/AND8/50/-/E,4
2394,000420-16722,KA49/DRN90L4/1.5/73/M4B-90/-/IV/40/-/E,44
2398,000420-16717,KA39/DRN80M4/0.75/73/M4B-90/B/IV/30/-/E,10
2399,000420-16716,KA39/DRN80M4/0.75/73/M4B-90/-/IV/30/-/E,36
2400,000420-16017,R27/DRN80M4/0.75/173/M3-0/-/AND8/25/-/A/#,3
2403,000420-14682,"KA37/DRN90S4/1,10/277/M4A-270/-/AND8/30/-/A/#",16
2404,000420-14681,KA37/DRN80M4/0.75/197/M4A-270/B/AND8/30/-/A/#,1
2419,000000-06713,"Cable Extension male/female 12p L = 2,0m",68
2421,000000-06176,"Rope with cable wire 3/16"", 7x19 core stainless steel",846
2422,000000-06025,"Safety net 1/16"" cord 1"" mesh knotless black without band all around W=21""",846
2423,000000-06015,"Washer flat 5/16"" USS ASME B18.21.1 steel galvanized",12195
2424,000000-05931,"Carabine hook spring snap 5/16"" x 3-1/8"" w/ 3/8"" snap opening ZP",50220
2433,000000-01831,Cover hood complete for KA57/KA67/FA57/SA67/KA39/KA49,177
2436,015593-071-01500,Assy finger protection,12
